Metro,ZIP_code,2015_households_all,2015_same_sex_couples,2015_gay_couples_per_1000_household,2015_bars,2026_bars,2024_households_all,2024_same_sex_couples,2024_gay_couples_per_1000_household
Seattle,98001,11109,44,3.960752543,0,0,11982,124,10.34885662
Seattle,98002,12687,62,4.886892094,0,0,14269,99,6.938117598
Seattle,98003,17791,116,6.520150638,0,0,18786,314,16.71457468
Seattle,98004,15518,25,1.61103235,0,0,19515,187,9.582372534
Seattle,98005,7507,22,2.930598108,0,0,9097,134,14.73013081
Seattle,98006,13188,39,2.957233849,0,0,14084,92,6.53223516
Seattle,98007,10501,52,4.951909342,0,0,11673,24,2.056026728
Seattle,98008,9016,9,0.998225377,0,0,9431,153,16.22309405
Seattle,98011,12725,79,6.208251473,0,0,11964,141,11.78535607
Seattle,98012,20799,10,0.480792346,0,0,27903,417,14.94462961
Seattle,98020,8728,49,5.61411549,0,0,9017,185,20.5168016
Seattle,98021,10399,65,6.250601019,0,0,12378,128,10.34092745
Seattle,98023,17560,41,2.334851936,0,0,17752,135,7.604776927
Seattle,98026,14335,24,1.674223927,0,0,15500,135,8.709677419
Seattle,98027,10847,65,5.992440306,0,0,11804,192,16.26567265
Seattle,98028,8027,29,3.612806777,0,0,9396,170,18.09280545
Seattle,98029,10549,14,1.327140013,0,0,12115,100,8.254230293
Seattle,98030,11726,7,0.596964012,0,0,13113,129,9.837565774
Seattle,98031,12125,78,6.432989691,0,0,14011,218,15.55920348
Seattle,98032,13411,104,7.754828126,0,0,14675,114,7.768313458
Seattle,98033,15592,25,1.603386352,0,0,17400,300,17.24137931
Seattle,98034,17282,107,6.191413031,0,0,21726,269,12.38147841
Seattle,98036,14258,75,5.260204797,0,0,16575,216,13.03167421
Seattle,98037,10204,58,5.684045472,0,0,11259,41,3.641531219
Seattle,98038,12012,74,6.160506161,0,0,12618,24,1.902044698
Seattle,98039,1087,0,0,0,0,1010,26,25.74257426
Seattle,98040,9583,62,6.469790254,0,0,10068,104,10.32975765
Seattle,98042,15784,31,1.964014192,0,0,17144,210,12.24918339
Seattle,98043,8155,24,2.942979767,0,0,9843,132,13.41054557
Seattle,98052,24782,161,6.496650795,0,0,34177,421,12.31822571
Seattle,98053,7876,69,8.76079228,0,0,8327,58,6.965293623
Seattle,98055,8884,34,3.827104908,0,0,9648,117,12.12686567
Seattle,98056,13415,30,2.236302646,0,0,14493,192,13.24777479
Seattle,98057,5852,31,5.297334245,0,0,6228,47,7.546563905
Seattle,98058,15893,22,1.38425722,0,0,15516,377,24.29749936
Seattle,98059,13217,37,2.799424983,0,0,14520,215,14.80716253
Seattle,98070,4757,66,13.87429052,0,0,4180,157,37.55980861
Seattle,98072,8723,64,7.33692537,0,0,9487,151,15.91651734
Seattle,98074,8778,41,4.670767829,0,0,10272,55,5.354361371
Seattle,98075,7369,0,0,0,0,8158,87,10.66437852
Seattle,98077,4806,29,6.034124012,0,0,4743,24,5.060088552
Seattle,98087,12175,64,5.256673511,0,0,16575,361,21.77978884
Seattle,98101,7911,156,19.71937808,2,1,11722,336,28.6640505
Seattle,98102,14390,306,21.2647672,1,1,17489,753,43.05563497
Seattle,98103,22936,301,13.12347401,1,1,26873,660,24.55996725
Seattle,98104,7277,134,18.41418167,0,0,9578,298,31.11296722
Seattle,98105,15274,130,8.511195496,0,0,18756,227,12.10279377
Seattle,98106,10119,121,11.95770333,0,1,11791,346,29.34441523
Seattle,98107,12128,121,9.976912929,0,0,15835,325,20.52415535
Seattle,98108,8057,127,15.76269083,0,0,9016,247,27.39574091
Seattle,98109,14006,107,7.639583036,0,0,21883,561,25.63633871
Seattle,98110,9475,77,8.126649077,0,0,9887,155,15.67715182
Seattle,98112,10382,183,17.62666153,1,0,10918,525,48.08572999
Seattle,98115,21079,305,14.46937711,0,0,23843,438,18.37017154
Seattle,98116,11541,136,11.78407417,0,0,14051,515,36.65219557
Seattle,98117,13813,94,6.805183523,0,0,14983,283,18.88807315
Seattle,98118,16043,235,14.64813314,0,0,19176,637,33.21860659
Seattle,98119,11643,133,11.42317272,0,0,14249,389,27.30016141
Seattle,98121,9245,95,10.27582477,0,0,14288,381,26.66573348
Seattle,98122,16673,520,31.1881485,12,14,23964,1293,53.9559339
Seattle,98125,17836,131,7.34469612,0,0,20688,549,26.53712297
Seattle,98126,9544,304,31.85247276,0,0,10248,251,24.49258392
Seattle,98133,20759,184,8.863625415,0,0,23701,360,15.18923252
Seattle,98134,161,0,0,0,0,182,0,0
Seattle,98136,7194,141,19.59966639,1,0,7921,279,35.2228254
Seattle,98144,12303,334,27.14785012,1,1,16019,534,33.3354142
Seattle,98146,9434,89,9.433962264,0,0,10617,256,24.11227277
Seattle,98148,4260,53,12.44131455,0,0,3954,56,14.16287304
Seattle,98154,0,0,0,0,0,0,0,0
Seattle,98155,13363,83,6.211180124,0,0,14344,230,16.03457892
Seattle,98158,0,0,0,0,0,0,0,0
Seattle,98164,81,0,0,0,0,170,0,0
Seattle,98166,8379,85,10.14440864,0,0,8961,227,25.3319942
Seattle,98168,11522,110,9.546953654,0,0,12260,146,11.908646
Seattle,98174,0,0,0,0,0,0,0,0
Seattle,98177,7797,32,4.104142619,0,0,8134,119,14.62994836
Seattle,98178,8922,147,16.47612643,0,0,9349,231,24.70852498
Seattle,98188,9610,55,5.723204995,0,0,11430,89,7.786526684
Seattle,98195,0,0,0,0,0,5,0,0
Seattle,98198,13126,77,5.866219717,0,0,14588,214,14.66959145
Seattle,98199,9173,105,11.44663687,0,0,10052,197,19.59808993
Seattle,98204,16380,77,4.700854701,0,0,17974,199,11.07154779
Seattle,98208,19747,97,4.912138553,0,0,21848,251,11.48846576
Seattle,98275,7900,32,4.050632911,0,0,8365,164,19.6054991
Seattle,98296,9641,0,0,0,0,9611,42,4.369992717
Seattle,98310,8659,16,1.847788428,0,0,9422,101,10.71959244
Seattle,98311,10031,16,1.595055328,0,0,10458,25,2.390514439
Seattle,98312,12308,63,5.118622034,0,0,14436,270,18.7032419
Seattle,98314,17,0,0,0,0,33,0,0
Seattle,98332,6016,22,3.656914894,0,0,7662,62,8.091882015
Seattle,98337,2879,10,3.473428274,0,1,3138,92,29.31803697
Seattle,98342,603,7,11.60862355,0,0,636,3,4.716981132
Seattle,98345,200,0,0,0,0,95,0,0
Seattle,98346,3875,15,3.870967742,0,0,4010,76,18.95261845
Seattle,98353,15,0,0,0,0,0,0,0
Seattle,98359,1722,0,0,0,0,1730,22,12.71676301
Seattle,98366,12370,85,6.871463217,0,0,14296,126,8.813654169
Seattle,98367,10238,54,5.274467669,0,0,12227,38,3.107876012
Seattle,98370,11400,49,4.298245614,0,0,13501,117,8.666024739
Seattle,98383,8193,8,0.976443305,0,0,9056,121,13.36130742
Seattle,98392,1237,9,7.275666936,0,0,1238,16,12.92407108
